624-20-6518,Amanda Butler,"18 Weetslade Cres, Dudley, Cramlington NE23 7LJ, UK",537111,,
458-31-3072,Patrick Freeman,"49 E Hundreds, Fleet GU51 1HN, UK",569106,,
949-37-4412,Mark Cole,"B4329, Clarbeston Road SA63 4TY, UK",451126,,
882-05-3532,Sandra Hamilton,"14 Irfon Bridge Rd, Builth Wells LD2 3HF, UK",8075,,
580-48-1088,Aaron Payne,"Widdop Cottage, 2 Cheyne Walk, Keighley BD22 6AU, UK",321580,,
239-87-9324,Tammy Palmer,"14 Brook Vale, Erith DA8 1JP, UK",379201,,
369-03-6403,Clarence Wood,"281A London Rd, Portsmouth PO2 9HE, UK",124046,,
413-51-7805,Lori Matthews,"248 Mansfield Rd, Worksop S80 3DP, UK",681235,,
868-34-3740,Walter Robinson,"3 Bankfoot Cl, Shaw, Swindon SN5 5WZ, UK",402366,,
514-40-5565,Howard Tucker,"A701, Moffat DG10, UK",874106,,
289-62-8248,Paula Shaw,"59 York Cl, Measham, Swadlincote DE12 7JH, UK",701300,,
265-93-6723,Alan Nguyen,"A896, Strathcarron IV54 8UY, UK",949850,,
580-82-2042,Willie Romero,"95 Shevington Grove, Marton-in-Cleveland, Middlesbrough TS7 8PY, UK",740766,,
343-42-4328,Frank Carroll,"31 Park St, Lochgelly KY5 9JU, UK",348944,,
257-74-1123,Beverly Austin,"1 Victoria Terrace, Newbiggin-by-the-Sea NE64 6NL, UK",433221,,
395-24-7896,Kathy Robertson,"21 Bircholt Rd, Maidstone ME15 9XY, UK",29249,,
855-92-4871,Carlos Martin,"1 Peggy's Wicket, Beamish, Stanley DH9 0QX, UK",830569,,
822-57-8768,Walter Gray,"90 Harbour Village, Goodwick SA64 0DZ, UK",666436,,
986-56-2252,Ann Simpson,"18 Donside Cl, Boldon Colliery NE35 9BS, UK",525729,,
392-01-5710,Lois Knight,"1 Five Lane End, Bay Horse, Lancaster LA2 0JF, UK",172831,,
261-68-4666,Janet Williamson,"Unnamed Road, Cockermouth CA13 0RS, UK",871298,,
280-37-5787,Carolyn Lane,"A27, Polegate BN26 5SE, UK",125318,,
847-57-5299,Donald West,"14 Highgrove Ave, Ascot SL5 7HR, UK",761843,,
683-74-0903,Eric Reynolds,"6415 Newark NG22 0ST, UK",32858,,
887-80-3876,Andrea Barnes,"5 Lime Ave, Westergate, Chichester PO20 3UF, UK",63442,,
441-07-3788,Gerald Scott,"90 Foldings Parade, Scholes, Cleckheaton BD19 6DL, UK",396966,,
753-76-9758,Stephen Lane,"117 Sinclair St, Helensburgh G84 9AU, UK",473156,,
390-21-0651,Barbara Armstrong,"1 Woodman's Chase, East Goscote, Leicester LE7 3ZZ, UK",344179,,
785-76-2818,Arthur Mcdonald,"Unnamed Road, Leamington Spa CV33 9LQ, UK",3517,,
807-69-0520,Laura Marshall,"1-1 Kings Rd, Elderslie, Johnstone PA5 9LY, UK",64899,,
907-96-9506,Jeffrey Jordan,"1 Taynton Rd, Taynton, Gloucester GL19 3AP, UK",551034,,
542-20-7781,Eugene Romero,"322 Farm St, Birmingham B19 2UB, UK",990892,,
865-12-2869,Wanda Wood,"111 The Dormers, Highworth, Swindon SN6 7PE, UK",166488,,
589-82-0063,Mary Kennedy,"Sisley Ln, Todmorden OL14 6HW, UK",38381,,
440-10-5513,Peter Sanders,"6 Paynes Rd, Southampton SO15 3DJ, UK",264516,,
372-79-0456,Mark Harper,"24A Elizabeth Rd, Wickham, Fareham PO17 5HN, UK",170221,,
862-50-5021,Harry Bradley,"5 Tirprys, Tycroes, Ammanford SA18 3QQ, UK",813985,,
468-81-8964,Jeremy Welch,"10 Balmoral Rd, Blairgowrie and Rattray, Blairgowrie PH10 7AE, UK",41256,,
824-03-3163,Clarence Campbell,"138 Harden Rd, Walsall WS3 1ET, UK",707111,,
280-81-2323,Angela Wells,"206 Muscliffe Ln, Bournemouth BH9, UK",8826,,
906-46-6416,Philip Romero,"15A Darlington Rd, Richmond DL10 7BE, UK",201191,,
778-24-9422,Kevin Cole,"91 Philpingstone Rd, Bo'ness EH51 9JU, UK",233867,,
480-71-7322,Eugene Howard,"9 Frinton Cl, Chesterfield S40 2HH, UK",69509,,
472-90-1216,Amy Hunter,"14 Queen's Cres, Sanquhar DG4 6DW, UK",346052,,
295-17-1310,Nicole Meyer,"18A Deard's End Ln, Knebworth SG3 6NL, UK",13423,,
240-41-6007,Kevin Andrews,"48 Farm Rd, Street BA16 0BQ, UK",283981,,
351-90-2851,Ernest Patterson,"10 Graces Pitch, Newent GL18 1SU, UK",734699,,
637-93-1689,Sean Chavez,"3 Oaklands View, Hanwood, Shrewsbury SY5 8NQ, UK",332915,,
511-61-7548,Louis Medina,"24 Kiln Brow, Cleator CA23 3DF, UK",433824,,
429-46-6500,Lori Fuller,"60 Spring Gardens, Manchester M60 1HU, UK",323624,,
530-47-9171,Steven Turner,"Long Ln, Banham, Diss IP22, UK",674672,,
961-05-0114,Jesse Gilbert,"Marnham Court, 665 Harrow Rd, Wembley HA0 2HD, UK",879649,,
497-43-9282,Theresa Johnson,"77 Roger St, Tre-boeth, Swansea SA5 9AR, UK",330869,,
479-10-9794,Phyllis Black,"7 Ashley Rd, Harwich CO12 4AN, UK",141831,,
734-05-4593,Harry Bennett,"8-10 Styal Rd, Wilmslow SK9 4AE, UK",766860,,
207-33-2063,Teresa Hawkins,"356 Stourbridge Rd, Brierley Hill DY5 1JA, UK",338602,,
204-96-6300,Jimmy Ford,"56 John St, Sunderland SR1 1QH, UK",655697,,
253-81-6631,Bobby Watkins,"37 Fillingham Cl, Birmingham B37 7TE, UK",51322,,
993-99-6725,Paula Mason,"39 Queensway, Grimsby DN37 9BG, UK",767976,,
181-12-6465,Wayne Cooper,"262-264 Chertsey Ln, Staines TW18 3NF, UK",719920,,
645-77-8683,Ashley Gray,"9 Escley Dr, Hereford HR2 7LU, UK",137427,,
511-16-5372,Timothy Owens,"30 Annetyard Dr, Skelmorlie PA17 5BN, UK",467116,,
205-71-9389,Katherine Cook,"1 Crummock Cl, Fletchertown, Wigton CA7 1AP, UK",401859,,
754-71-5637,Roy Wright,"12 The Green, Lowdham, Nottingham NG14 7DD, UK",551235,,
626-61-2529,George Williamson,"10 Colthill Cir, Milltimber AB13 0EH, UK",409644,,
123-07-9311,Larry Hunter,"10 Dunnet Rd, Plymouth PL6 6HN, UK",304258,,
815-79-2923,Carl Weaver,"20 Newbigg, Crowle, Scunthorpe DN17 4EZ, UK",2829,,
116-14-1089,Rose Griffin,"80 Stennack Rd, Saint Austell PL25, UK",80877,,
204-93-5695,Lillian Ramos,"13 Wharfedale Grove, Leeds LS7 2LQ, UK",399184,,
802-96-2756,Katherine Jordan,"14A Montgomery Cres, Brierley Hill DY5 2HB, UK",73338,,
397-48-0179,Victor Burke,"91A Tuckswood Ln, Norwich NR4 6BG, UK",112129,,
896-14-0275,Larry Wheeler,"6 Drumshinnoch Brae, Thornhill DG3 5EQ, UK",909131,,
673-45-6327,Kelly Wilson,"Bates's Drove, Wisbech PE14 9TF, UK",733213,,
270-51-2170,Gregory Johnston,"72 York Cl, Birmingham B30 2HN, UK",177529,,
100-51-3434,Gerald Ferguson,"36 Blenheim Rd, Street BA16 0QD, UK",705654,,
355-79-7674,Shirley Thomas,"26 Frognal Gardens, Teynham, Sittingbourne ME9 9SD, UK",895939,,
499-25-6135,Nancy Nelson,"26 Tresaderns Rd, Redruth TR15 1BJ, UK",364666,,
143-58-8995,Todd Ferguson,"1 Redford Grove, Edinburgh EH13 0AH, UK",493554,,
815-60-3969,Robin Wells,"122 Hassall Rd, Sandbach CW11 4HL, UK",592913,,
229-68-3072,Helen Ross,"5 High St, Barmouth LL42 1DL, UK",282304,,
888-25-9628,William Rice,"Kennels Rd, Ipswich IP10, UK",964064,,
197-02-0212,Tammy Nguyen,"3 Tynemount Cottages, Ormiston, Tranent EH35 5NN, UK",278647,,
933-89-6369,Helen Alexander,"4 Railway Terrace, Kyle of Lochalsh, Kyle IV40 8AL, UK",828023,,
717-81-8107,Eugene Peterson,"18 Higher Bebington Rd, Bebington, Wirral CH63 2PP, UK",259680,,
718-50-5111,Debra Long,"9 Brownlow Hill, Liverpool L3, UK",665802,,
424-38-9021,Tammy Graham,"10 Bracken Moor Ln, Stocksbridge, Sheffield S36 2AL, UK",511921,,
389-97-6313,John Carr,"1-3 Bridle Way, Bootle L30, UK",101129,,
699-13-1132,Frank Jones,"32 Main St, Barton in the Beans, Nuneaton CV13 0DJ, UK",799369,,
529-67-8263,Susan Russell,"2 Western Rd, Strongarbh, Tobermory, Isle of Mull PA75 6RA, UK",340423,,
128-50-8706,Frances Ward,"Templars Way, Chandler's Ford, Eastleigh SO53, UK",46883,,
517-87-2398,Kimberly Coleman,"81 Bridgwater Rd, Bristol BS13 7AX, UK",24933,,
647-88-8503,Amanda Dunn,"43 Tilbury Rd, Tilbury Juxta Clare, Halstead CO9 4JJ, UK",167015,,
739-27-9853,Keith Elliott,"9 Maple Cl, Doveridge, Ashbourne DE6 5LU, UK",872171,,
307-25-5715,Ann Smith,"4 Maree Walk, Tamworth B77 2TW, UK",276781,,
385-55-7230,Gerald Henry,"2 Mabbots, Tadworth KT20 5TS, UK",62140,,
531-44-4405,Kathleen Howard,"5-14 Scot Hay Rd, Silverdale, Newcastle ST5 6RJ, UK",828489,,
725-49-4757,Gerald Frazier,"11 Winchester Dr, Pinner HA5 1DB, UK",302101,,
126-75-3907,Randy Morrison,"5 Market Pl, Selkirk TD7 4BT, UK",809705,,
611-55-1205,Jennifer Johnston,"12 Farmstead Rd, Solihull B92 9ET, UK",239931,,
279-21-2527,Dorothy Perry,"Unnamed Road, Chelmsford CM1, UK",974114,,
